formula_file,timeout,timeout_reached,execution_time_in,total_sampling_time,avg_sampling_time,model_count,requested_samples,actual_samples
/home/samplingfm/Benchmarks/V15/s420_15_7.cnf,180,False,0.3010895252227783,,,,10,0
/home/samplingfm/Benchmarks/Blasted_Real/blasted_squaring24.cnf,180,False,0.9279706478118896,,,,10,0
/home/samplingfm/Benchmarks/Blasted_Real/blasted_squaring12.cnf,180,False,2.8838746547698975,,,,10,0
/home/samplingfm/Benchmarks/V7/s953a_7_4.cnf,180,False,0.1724708080291748,,,,10,0
/home/samplingfm/Benchmarks/Blasted_Real/blasted_squaring1.cnf,180,False,139.93283700942993,131.90980744361877,13.190980744361877,68719476736,10,10
/home/samplingfm/Benchmarks/Blasted_Real/blasted_squaring4.cnf,180,False,6.098932981491089,,,,10,0
/home/samplingfm/Benchmarks/Blasted_Real/blasted_case47.cnf,180,False,36.00035524368286,34.447293281555176,3.4447293281555176,262144,10,10
/home/samplingfm/Benchmarks/V7/s526a_7_4.cnf,180,False,0.2231900691986084,,,,10,0
/home/samplingfm/Benchmarks/Blasted_Real/blasted_squaring9.cnf,180,False,17.501548528671265,,,,10,0
/home/samplingfm/Benchmarks/V3/s349_3_2.cnf,180,False,0.22263002395629883,,,,10,0
/home/samplingfm/Benchmarks/V15/s510_15_7.cnf,180,False,0.17232227325439453,,,,10,0
/home/samplingfm/Benchmarks/V3/s420_new1_3_2.cnf,180,False,0.22144651412963867,,,,10,0
/home/samplingfm/Benchmarks/Blasted_Real/blasted_case_0_b11_1.cnf,180,False,150.32037687301636,120.95601534843445,12.095601534843444,274877906784,10,10
/home/samplingfm/Benchmarks/V15/s820a_15_7.cnf,180,False,0.17260241508483887,,,,10,0
/home/samplingfm/Benchmarks/Blasted_Real/blasted_squaring6.cnf,180,False,5.94437837600708,,,,10,0
/home/samplingfm/Benchmarks/V3/s953a_3_2.cnf,180,False,0.17261505126953125,,,,10,0
/home/samplingfm/Benchmarks/V15/s953a_15_7.cnf,180,False,0.17259430885314941,,,,10,0
/home/samplingfm/Benchmarks/V15/s526_15_7.cnf,180,False,0.17244672775268555,,,,10,0
/home/samplingfm/Benchmarks/V3/s420_new_3_2.cnf,180,False,0.1725151538848877,,,,10,0
/home/samplingfm/Benchmarks/Blasted_Real/blasted_case35.cnf,180,False,129.84675574302673,127.42572355270386,12.742572355270386,8796093022208,10,10
/home/samplingfm/Benchmarks/Blasted_Real/blasted_squaring26.cnf,180,False,0.3258233070373535,,,,10,0
/home/samplingfm/Benchmarks/Blasted_Real/blasted_squaring2.cnf,180,False,6.697538614273071,,,,10,0
/home/samplingfm/Benchmarks/Blasted_Real/blasted_case114.cnf,180,False,71.07677626609802,68.93515753746033,6.8935157537460325,33554432,10,10
/home/samplingfm/Benchmarks/Blasted_Real/blasted_case55.cnf,180,False,47.446829319000244,45.89514112472534,4.589514112472534,1048576,10,10
/home/samplingfm/Benchmarks/Blasted_Real/blasted_case34.cnf,180,False,110.4635796546936,108.36194252967834,10.836194252967834,68719476736,10,10
/home/samplingfm/Benchmarks/Blasted_Real/blasted_case205.cnf,180,False,123.55659461021423,121.8380241394043,12.18380241394043,70368744177664,10,10
/home/samplingfm/Benchmarks/V7/s344_7_4.cnf,180,False,0.1781444549560547,,,,10,0
/home/samplingfm/Benchmarks/Blasted_Real/blasted_case109.cnf,180,False,45.09574580192566,43.324851989746094,4.332485198974609,1048576,10,10
/home/samplingfm/Benchmarks/V3/s526a_3_2.cnf,180,False,0.2250537872314453,,,,10,0
/home/samplingfm/Benchmarks/V15/s444_15_7.cnf,180,False,0.17685723304748535,,,,10,0
/home/samplingfm/Benchmarks/Blasted_Real/blasted_squaring20.cnf,180,False,0.4297792911529541,,,,10,0
/home/samplingfm/Benchmarks/Blasted_Real/blasted_case116.cnf,180,False,68.00302195549011,65.84983801841736,6.5849838018417355,33554432,10,10
/home/samplingfm/Benchmarks/V7/s420_new1_7_4.cnf,180,False,0.17708635330200195,,,,10,0
/home/samplingfm/Benchmarks/Blasted_Real/blasted_case5.cnf,180,False,64.36631965637207,62.7809579372406,6.27809579372406,67108864,10,10
/home/samplingfm/Benchmarks/Blasted_Real/blasted_case9.cnf,180,False,100.24133348464966,97.26034998893738,9.726034998893738,562949953421312,10,10
/home/samplingfm/Benchmarks/Blasted_Real/blasted_case_1_b12_2.cnf,180,False,23.85424280166626,,,274881112804,10,0
/home/samplingfm/Benchmarks/Blasted_Real/blasted_case8.cnf,180,False,55.17434906959534,53.40479898452759,5.340479898452759,8388608,10,10
/home/samplingfm/Benchmarks/Blasted_Real/blasted_squaring28.cnf,180,False,1.4866607189178467,,,,10,0
/home/samplingfm/Benchmarks/Blasted_Real/blasted_case_1_b11_1.cnf,180,False,170.69497442245483,140.69682216644287,14.069682216644287,274877906784,10,10
/home/samplingfm/Benchmarks/Blasted_Real/blasted_case_3_b14_1.cnf,180,False,119.39629197120667,117.52784872055054,11.752784872055054,4398046511104,10,10
/home/samplingfm/Benchmarks/Blasted_Real/blasted_case123.cnf,180,False,73.63892221450806,71.89853024482727,7.189853024482727,2147483648,10,10
/home/samplingfm/Benchmarks/Blasted_Real/blasted_case106.cnf,180,False,92.76251983642578,91.05940055847168,9.105940055847167,4398046511104,10,10
/home/samplingfm/Benchmarks/Blasted_Real/blasted_case57.cnf,180,False,77.65503859519958,75.88698244094849,7.588698244094848,536870912,10,10
/home/samplingfm/Benchmarks/Blasted_Real/blasted_case_3_b14_3.cnf,180,False,116.29646563529968,114.5016884803772,11.45016884803772,137438953472,10,10
/home/samplingfm/Benchmarks/Blasted_Real/blasted_case201.cnf,180,False,104.74652433395386,103.20165586471558,10.320165586471557,4398046511104,10,10
/home/samplingfm/Benchmarks/V3/s1238a_3_2.cnf,180,False,0.17256665229797363,,,,10,0
/home/samplingfm/Benchmarks/Blasted_Real/blasted_squaring27.cnf,180,False,0.373044490814209,,,,10,0
/home/samplingfm/Benchmarks/V3/s510_3_2.cnf,180,False,0.17244434356689453,,,,10,0
/home/samplingfm/Benchmarks/Blasted_Real/blasted_case126.cnf,180,False,88.94549536705017,87.21310615539551,8.72131061553955,2147483648,10,10
/home/samplingfm/Benchmarks/V7/s420_new_7_4.cnf,180,False,0.17336130142211914,,,,10,0
/home/samplingfm/Benchmarks/Blasted_Real/blasted_case_2_b12_2.cnf,180,False,36.362266540527344,12.60818076133728,12.60818076133728,274881112804,10,1
/home/samplingfm/Benchmarks/Blasted_Real/blasted_squaring21.cnf,180,False,0.37420034408569336,,,,10,0
/home/samplingfm/Benchmarks/Blasted_Real/blasted_case_0_b12_1.cnf,180,False,83.14108562469482,80.09797835350037,8.009797835350037,1073741824,10,10
/home/samplingfm/Benchmarks/V7/s820a_7_4.cnf,180,False,0.17260527610778809,,,,10,0
/home/samplingfm/Benchmarks/Blasted_Real/blasted_squaring51.cnf,180,False,5.141463279724121,,,16777216,10,0
/home/samplingfm/Benchmarks/V7/s382_7_4.cnf,180,False,0.1738121509552002,,,,10,0
/home/samplingfm/Benchmarks/V3/s344_3_2.cnf,180,False,0.18091726303100586,,,,10,0
/home/samplingfm/Benchmarks/Blasted_Real/blasted_case133.cnf,180,False,99.14309430122375,97.45552015304565,9.745552015304565,549755813888,10,10
/home/samplingfm/Benchmarks/V7/s510_7_4.cnf,180,False,0.17561817169189453,,,,10,0
/home/samplingfm/Benchmarks/Blasted_Real/blasted_case101.cnf,180,False,27.779025554656982,26.28926372528076,2.6289263725280763,2097152,10,10
/home/samplingfm/Benchmarks/Blasted_Real/blasted_case120.cnf,180,False,119.37018251419067,117.45585513114929,11.745585513114928,70368744177664,10,10
/home/samplingfm/Benchmarks/Blasted_Real/blasted_squaring22.cnf,180,False,0.7255313396453857,,,,10,0
/home/samplingfm/Benchmarks/Blasted_Real/blasted_case2.cnf,180,False,2.632457971572876,,,4194304,10,0
/home/samplingfm/Benchmarks/Blasted_Real/blasted_case_2_b12_1.cnf,180,False,93.90378069877625,90.84456992149353,9.084456992149352,1073741824,10,10
/home/samplingfm/Benchmarks/Blasted_Real/blasted_squaring14.cnf,180,False,0.7758245468139648,,,,10,0
/home/samplingfm/Benchmarks/Blasted_Real/blasted_case202.cnf,180,False,115.62560153007507,113.85704064369202,11.385704064369202,4398046511104,10,10
/home/samplingfm/Benchmarks/Blasted_Real/blasted_squaring5.cnf,180,False,6.1445536613464355,,,,10,0
/home/samplingfm/Benchmarks/Blasted_Real/blasted_case14.cnf,180,False,108.8568422794342,106.94127702713013,10.694127702713013,562949953421312,10,10
/home/samplingfm/Benchmarks/Blasted_Real/blasted_case_1_b14_1.cnf,180,False,111.95501518249512,109.97411918640137,10.997411918640136,4398046511104,10,10
/home/samplingfm/Benchmarks/V15/s420_new_15_7.cnf,180,False,0.22336745262145996,,,,10,0
/home/samplingfm/Benchmarks/Blasted_Real/blasted_case203.cnf,180,False,119.8588924407959,118.19174647331238,11.819174647331238,70368744177664,10,10
/home/samplingfm/Benchmarks/V7/s444_7_4.cnf,180,False,0.1730821132659912,,,,10,0
/home/samplingfm/Benchmarks/Blasted_Real/blasted_case3.cnf,180,False,2.481785297393799,,,4194304,10,0
/home/samplingfm/Benchmarks/Blasted_Real/blasted_squaring10.cnf,180,False,20.554295778274536,,,274408144896,10,0
/home/samplingfm/Benchmarks/Blasted_Real/blasted_case135.cnf,180,False,53.469916582107544,51.7828586101532,5.17828586101532,2097152,10,10
/home/samplingfm/Benchmarks/V7/s526_7_4.cnf,180,False,0.22295784950256348,,,,10,0
/home/samplingfm/Benchmarks/V3/s526_3_2.cnf,180,False,0.22290682792663574,,,,10,0
/home/samplingfm/Benchmarks/V15/s349_15_7.cnf,180,False,0.1737501621246338,,,,10,0
/home/samplingfm/Benchmarks/Blasted_Real/blasted_case54.cnf,180,False,44.330262422561646,42.57093143463135,4.257093143463135,1048576,10,10
/home/samplingfm/Benchmarks/V15/s1238a_15_7.cnf,180,False,0.17281699180603027,,,,10,0
/home/samplingfm/Benchmarks/Blasted_Real/blasted_squaring30.cnf,180,False,1.2265546321868896,,,,10,0
/home/samplingfm/Benchmarks/Blasted_Real/blasted_squaring25.cnf,180,False,0.37355828285217285,,,,10,0
/home/samplingfm/Benchmarks/Blasted_Real/blasted_squaring7.cnf,180,False,0.424152135848999,,,,10,0
/home/samplingfm/Benchmarks/Blasted_Real/blasted_case_2_b14_3.cnf,180,False,108.71794247627258,106.89432764053345,10.689432764053345,137438953472,10,10
/home/samplingfm/Benchmarks/V15/s1196a_15_7.cnf,180,False,0.1733236312866211,,,,10,0
/home/samplingfm/Benchmarks/Blasted_Real/blasted_case_1_b12_1.cnf,180,False,89.70978212356567,86.80255508422852,8.680255508422851,1073741824,10,10
/home/samplingfm/Benchmarks/V15/s344_15_7.cnf,180,False,0.17494964599609375,,,,10,0
/home/samplingfm/Benchmarks/Blasted_Real/blasted_case_2_b14_2.cnf,180,False,118.85840845108032,117.0082335472107,11.70082335472107,1099511627776,10,10
/home/samplingfm/Benchmarks/Blasted_Real/blasted_case105.cnf,180,False,73.79171323776245,72.21804976463318,7.221804976463318,2199023255552,10,10
/home/samplingfm/Benchmarks/V7/s420_7_4.cnf,180,False,0.22311067581176758,,,,10,0
/home/samplingfm/Benchmarks/Blasted_Real/blasted_case122.cnf,180,False,60.3966760635376,58.62123703956604,5.862123703956604,16777216,10,10
/home/samplingfm/Benchmarks/Blasted_Real/blasted_squaring16.cnf,180,False,54.73659563064575,,,,10,0
/home/samplingfm/Benchmarks/Blasted_Real/blasted_case61.cnf,180,False,105.90779161453247,104.16218185424805,10.416218185424805,281474976710656,10,10
/home/samplingfm/Benchmarks/Blasted_Real/blasted_case_0_b12_2.cnf,180,False,49.549644470214844,25.514404296875,12.7572021484375,274881112804,10,2
/home/samplingfm/Benchmarks/V15/s420_new1_15_7.cnf,180,False,0.172929048538208,,,,10,0
/home/samplingfm/Benchmarks/Blasted_Real/blasted_case111.cnf,180,False,29.880464792251587,28.150624752044678,2.815062475204468,16384,10,10
/home/samplingfm/Benchmarks/Blasted_Real/blasted_case143.cnf,180,False,68.41451787948608,66.4460837841034,6.644608378410339,134217728,10,10
/home/samplingfm/Benchmarks/Blasted_Real/blasted_case204.cnf,180,False,121.85100364685059,120.3361566066742,12.033615660667419,70368744177664,10,10
/home/samplingfm/Benchmarks/V3/s420_3_2.cnf,180,False,0.17258024215698242,,,,10,0
/home/samplingfm/Benchmarks/Blasted_Real/blasted_squaring50.cnf,180,False,3.341752529144287,,,16777216,10,0
/home/samplingfm/Benchmarks/Blasted_Real/blasted_squaring3.cnf,180,False,6.146085977554321,,,,10,0
/home/samplingfm/Benchmarks/Blasted_Real/blasted_case115.cnf,180,False,67.46956777572632,65.38260531425476,6.538260531425476,33554432,10,10
/home/samplingfm/Benchmarks/Blasted_Real/blasted_case132.cnf,180,False,53.56575322151184,52.022260904312134,5.202226090431213,2097152,10,10
/home/samplingfm/Benchmarks/Blasted_Real/blasted_squaring8.cnf,180,False,17.93310046195984,,,,10,0
/home/samplingfm/Benchmarks/Blasted_Real/blasted_squaring11.cnf,180,False,23.65184187889099,,,274408144896,10,0
/home/samplingfm/Benchmarks/Blasted_Real/blasted_case_1_b14_2.cnf,180,False,114.34442901611328,112.58097100257874,11.258097100257874,1099511627776,10,10
/home/samplingfm/Benchmarks/V3/s382_3_2.cnf,180,False,0.17315363883972168,,,,10,0
/home/samplingfm/Benchmarks/V3/s444_3_2.cnf,180,False,0.17258143424987793,,,,10,0
/home/samplingfm/Benchmarks/Blasted_Real/blasted_case145.cnf,180,False,130.49887251853943,128.7256305217743,12.87256305217743,70368744177664,10,10
/home/samplingfm/Benchmarks/Blasted_Real/blasted_case131.cnf,180,False,88.89209055900574,86.92872142791748,8.692872142791748,6174015488,10,10
/home/samplingfm/Benchmarks/V7/s1238a_7_4.cnf,180,False,0.17302775382995605,,,,10,0
/home/samplingfm/Benchmarks/Blasted_Real/blasted_squaring23.cnf,180,False,0.6247007846832275,,,,10,0
/home/samplingfm/Benchmarks/Blasted_Real/blasted_case121.cnf,180,False,105.79946756362915,103.85447239875793,10.385447239875793,274877906944,10,10
/home/samplingfm/Benchmarks/Blasted_Real/blasted_case56.cnf,180,False,50.25059795379639,48.59430456161499,4.859430456161499,1048576,10,10
/home/samplingfm/Benchmarks/Blasted_Real/blasted_case124.cnf,180,False,60.93566632270813,59.323530435562134,5.932353043556214,268435456,10,10
/home/samplingfm/Benchmarks/Blasted_Real/blasted_case_3_b14_2.cnf,180,False,115.39001512527466,113.51935863494873,11.351935863494873,1099511627776,10,10
/home/samplingfm/Benchmarks/Blasted_Real/blasted_case119.cnf,180,False,116.43985652923584,114.58489513397217,11.458489513397216,35184372088832,10,10
/home/samplingfm/Benchmarks/V3/s1196a_3_2.cnf,180,False,0.17304468154907227,,,,10,0
/home/samplingfm/Benchmarks/V7/s832a_7_4.cnf,180,False,0.17399120330810547,,,,10,0
/home/samplingfm/Benchmarks/V7/s349_7_4.cnf,180,False,0.1732475757598877,,,,10,0
/home/samplingfm/Benchmarks/Blasted_Real/blasted_case146.cnf,180,False,124.40674495697021,122.75416111946106,12.275416111946106,70368744177664,10,10
/home/samplingfm/Benchmarks/V7/s1196a_7_4.cnf,180,False,0.1728227138519287,,,,10,0
/home/samplingfm/Benchmarks/Blasted_Real/blasted_case62.cnf,180,False,74.44018888473511,72.57527661323547,7.2575276613235475,1073741824,10,10
/home/samplingfm/Benchmarks/Blasted_Real/blasted_case_1_b14_3.cnf,180,False,104.19688773155212,102.43789601325989,10.24378960132599,137438953472,10,10
/home/samplingfm/Benchmarks/Blasted_Real/blasted_case6.cnf,180,False,97.36993861198425,95.60146737098694,9.560146737098695,17179869184,10,10
/home/samplingfm/Benchmarks/V15/s832a_15_7.cnf,180,False,0.1729879379272461,,,,10,0
/home/samplingfm/Benchmarks/Blasted_Real/blasted_squaring29.cnf,180,False,0.9252481460571289,,,,10,0
/home/samplingfm/Benchmarks/Blasted_Real/blasted_case100.cnf,180,False,26.618764877319336,25.094367742538452,2.509436774253845,2097152,10,10
/home/samplingfm/Benchmarks/Blasted_Real/blasted_case136.cnf,180,False,97.51227736473083,95.87791395187378,9.587791395187377,549755813888,10,10
/home/samplingfm/Benchmarks/Blasted_Real/blasted_case_2_b14_1.cnf,180,False,123.00810885429382,121.03376507759094,12.103376507759094,4398046511104,10,10
/home/samplingfm/Benchmarks/V15/s382_15_7.cnf,180,False,0.17675328254699707,,,,10,0
/home/samplingfm/Benchmarks/Blasted_Real/blasted_case125.cnf,180,False,90.48311138153076,88.55524134635925,8.855524134635925,4294967296,10,10
/home/samplingfm/Benchmarks/V15/s526a_15_7.cnf,180,False,0.1743161678314209,,,,10,0
/home/samplingfm/Benchmarks/FeatureModels/XSEngine.cnf,180,True,180.0117688179016,,,,10,0
/home/samplingfm/Benchmarks/FeatureModels/viper.cnf,180,True,180.01111149787903,,,,10,0
/home/samplingfm/Benchmarks/FeatureModels/phycore.cnf,180,True,180.0099859237671,,,,10,0
/home/samplingfm/Benchmarks/FeatureModels/cq7708.cnf,180,True,180.00975918769836,,,,10,0
/home/samplingfm/Benchmarks/FeatureModels/psim.cnf,180,True,180.0099651813507,,,,10,0
/home/samplingfm/Benchmarks/FeatureModels/aeb.cnf,180,True,180.0104262828827,,,,10,0
/home/samplingfm/Benchmarks/FeatureModels/sh7708.cnf,180,True,180.00983214378357,,,,10,0
/home/samplingfm/Benchmarks/FeatureModels/vrc4375.cnf,180,True,180.01000261306763,,,,10,0
/home/samplingfm/Benchmarks/FeatureModels/malta_mips32_4kc.cnf,180,True,180.01062273979187,,,,10,0
/home/samplingfm/Benchmarks/FeatureModels/rattler.cnf,180,True,180.01035857200623,,,,10,0
/home/samplingfm/Benchmarks/FeatureModels/asb2305.cnf,180,True,180.01069355010986,,,,10,0
/home/samplingfm/Benchmarks/FeatureModels/pc_usb_d12.cnf,180,True,180.00983834266663,,,,10,0
/home/samplingfm/Benchmarks/FeatureModels/vads.cnf,180,True,180.01178193092346,,,,10,0
/home/samplingfm/Benchmarks/FeatureModels/calm32_ceb.cnf,180,True,180.00983715057373,,,,10,0
/home/samplingfm/Benchmarks/FeatureModels/se77x9.cnf,180,True,180.01010370254517,,,,10,0
/home/samplingfm/Benchmarks/FeatureModels/se7751.cnf,180,True,180.0099642276764,,,,10,0
/home/samplingfm/Benchmarks/FeatureModels/mb93093.cnf,180,True,180.00883960723877,,,,10,0
/home/samplingfm/Benchmarks/FeatureModels/sparc_erc32.cnf,180,True,180.01136374473572,,,,10,0
/home/samplingfm/Benchmarks/FeatureModels/lpcmt.cnf,180,True,180.01088905334473,,,,10,0
/home/samplingfm/Benchmarks/FeatureModels/vrc4373.cnf,180,True,180.0113353729248,,,,10,0
/home/samplingfm/Benchmarks/FeatureModels/integrator_arm7.cnf,180,True,180.01278138160706,,,,10,0
/home/samplingfm/Benchmarks/FeatureModels/eb55.cnf,180,True,180.0101659297943,,,,10,0
/home/samplingfm/Benchmarks/FeatureModels/ec555.cnf,180,True,180.00997185707092,,,,10,0
/home/samplingfm/Benchmarks/FeatureModels/sh4_202_md.cnf,180,True,180.01131224632263,,,,10,0
/home/samplingfm/Benchmarks/FeatureModels/mb93091.cnf,180,True,180.01013731956482,,,,10,0
/home/samplingfm/Benchmarks/FeatureModels/atlas_mips64_5kc.cnf,180,True,180.01056003570557,,,,10,0
/home/samplingfm/Benchmarks/FeatureModels/eb42.cnf,180,True,180.01276755332947,,,,10,0
/home/samplingfm/Benchmarks/FeatureModels/ea2468.cnf,180,True,180.01127195358276,,,,10,0
/home/samplingfm/Benchmarks/FeatureModels/cma230.cnf,180,True,180.0092101097107,,,,10,0
/home/samplingfm/Benchmarks/FeatureModels/sparc_leon.cnf,180,True,180.01031184196472,,,,10,0
/home/samplingfm/Benchmarks/FeatureModels/olpch2294.cnf,180,True,180.0111997127533,,,,10,0
/home/samplingfm/Benchmarks/FeatureModels/dreamcast.cnf,180,True,180.01022911071777,,,,10,0
/home/samplingfm/Benchmarks/FeatureModels/excalibur_arm9.cnf,180,True,180.0107343196869,,,,10,0
/home/samplingfm/Benchmarks/FeatureModels/frv400.cnf,180,True,180.00934195518494,,,,10,0
/home/samplingfm/Benchmarks/FeatureModels/ipaq.cnf,180,True,180.01076459884644,,,,10,0
/home/samplingfm/Benchmarks/FeatureModels/nano.cnf,180,True,180.01137948036194,,,,10,0
/home/samplingfm/Benchmarks/FeatureModels/stm3210e_eval.cnf,180,True,180.01058292388916,,,,10,0
/home/samplingfm/Benchmarks/FeatureModels/aki3068net.cnf,180,True,180.01054906845093,,,,10,0
/home/samplingfm/Benchmarks/FeatureModels/integrator_arm9.cnf,180,True,180.01172256469727,,,,10,0
/home/samplingfm/Benchmarks/FeatureModels/mac7100evb.cnf,180,True,180.0117917060852,,,,10,0
/home/samplingfm/Benchmarks/FeatureModels/p2106.cnf,180,True,180.00880002975464,,,,10,0
/home/samplingfm/Benchmarks/FeatureModels/prpmc1100.cnf,180,True,180.01035737991333,,,,10,0
/home/samplingfm/Benchmarks/FeatureModels/sparclite_sim.cnf,180,True,180.00994086265564,,,,10,0
/home/samplingfm/Benchmarks/FeatureModels/edb7xxx.cnf,180,True,180.01072788238525,,,,10,0
/home/samplingfm/Benchmarks/FeatureModels/eb40.cnf,180,True,180.0108449459076,,,,10,0
/home/samplingfm/Benchmarks/FeatureModels/stb.cnf,180,True,180.01038217544556,,,,10,0
/home/samplingfm/Benchmarks/FeatureModels/h8300h_sim.cnf,180,True,180.0103816986084,,,,10,0
/home/samplingfm/Benchmarks/FeatureModels/skmb91302.cnf,180,True,180.0109920501709,,,,10,0
/home/samplingfm/Benchmarks/FeatureModels/ixdp425.cnf,180,True,180.01147770881653,,,,10,0
/home/samplingfm/Benchmarks/FeatureModels/grg.cnf,180,True,180.01072692871094,,,,10,0
/home/samplingfm/Benchmarks/FeatureModels/h8s_sim.cnf,180,True,180.010600566864,,,,10,0
/home/samplingfm/Benchmarks/FeatureModels/eb40a.cnf,180,True,180.0106439590454,,,,10,0
/home/samplingfm/Benchmarks/FeatureModels/sleb.cnf,180,True,180.01008367538452,,,,10,0
/home/samplingfm/Benchmarks/FeatureModels/jmr3904.cnf,180,True,180.0103840827942,,,,10,0
/home/samplingfm/Benchmarks/FeatureModels/jtst.cnf,180,True,180.0109624862671,,,,10,0
/home/samplingfm/Benchmarks/FeatureModels/pc_i82559.cnf,180,True,180.01082515716553,,,,10,0
/home/samplingfm/Benchmarks/FeatureModels/cq7750.cnf,180,True,180.01014065742493,,,,10,0
/home/samplingfm/Benchmarks/FeatureModels/mace1.cnf,180,True,180.01078033447266,,,,10,0
/home/samplingfm/Benchmarks/FeatureModels/ref4955.cnf,180,True,180.01208806037903,,,,10,0
/home/samplingfm/Benchmarks/FeatureModels/m5272c3.cnf,180,True,180.01115822792053,,,,10,0
/home/samplingfm/Benchmarks/FeatureModels/gps4020.cnf,180,True,180.01062321662903,,,,10,0
/home/samplingfm/Benchmarks/FeatureModels/mbx.cnf,180,True,180.00987839698792,,,,10,0
/home/samplingfm/Benchmarks/FeatureModels/atlas_mips32_4kc.cnf,180,True,180.0110058784485,,,,10,0
/home/samplingfm/Benchmarks/FeatureModels/ts1000.cnf,180,True,180.01125192642212,,,,10,0
/home/samplingfm/Benchmarks/FeatureModels/at91sam7sek.cnf,180,True,180.01013278961182,,,,10,0
/home/samplingfm/Benchmarks/FeatureModels/sam7ex256.cnf,180,True,180.01037049293518,,,,10,0
/home/samplingfm/Benchmarks/FeatureModels/phycore229x.cnf,180,True,180.01598620414734,,,,10,0
/home/samplingfm/Benchmarks/FeatureModels/flexanet.cnf,180,True,180.01054549217224,,,,10,0
/home/samplingfm/Benchmarks/FeatureModels/mcb2100.cnf,180,True,180.01034808158875,,,,10,0
/home/samplingfm/Benchmarks/FeatureModels/innovator.cnf,180,True,180.01045870780945,,,,10,0
/home/samplingfm/Benchmarks/FeatureModels/ocelot.cnf,180,True,180.01157402992249,,,,10,0
/home/samplingfm/Benchmarks/FeatureModels/malta_mips64_5kc.cnf,180,True,180.010662317276,,,,10,0
/home/samplingfm/Benchmarks/FeatureModels/ts6.cnf,180,True,180.01053833961487,,,,10,0
/home/samplingfm/Benchmarks/FeatureModels/cma28x.cnf,180,True,180.0114004611969,,,,10,0
/home/samplingfm/Benchmarks/FeatureModels/aim711.cnf,180,True,180.01009130477905,,,,10,0
/home/samplingfm/Benchmarks/FeatureModels/ebsa285.cnf,180,True,180.011004447937,,,,10,0
/home/samplingfm/Benchmarks/FeatureModels/aaed2000.cnf,180,True,180.00954341888428,,,,10,0
/home/samplingfm/Benchmarks/FeatureModels/picasso.cnf,180,True,180.01028203964233,,,,10,0
/home/samplingfm/Benchmarks/FeatureModels/olpcl2294.cnf,180,True,180.01120114326477,,,,10,0
/home/samplingfm/Benchmarks/FeatureModels/pati.cnf,180,True,180.00939869880676,,,,10,0
/home/samplingfm/Benchmarks/FeatureModels/pc_i82544.cnf,180,True,180.01103281974792,,,,10,0
/home/samplingfm/Benchmarks/FeatureModels/e7t.cnf,180,True,180.01079607009888,,,,10,0
/home/samplingfm/Benchmarks/FeatureModels/olpce2294.cnf,180,True,180.0099949836731,,,,10,0
/home/samplingfm/Benchmarks/FeatureModels/am31_sim.cnf,180,True,180.0109419822693,,,,10,0
/home/samplingfm/Benchmarks/FeatureModels/stdeval1.cnf,180,True,180.01066541671753,,,,10,0
/home/samplingfm/Benchmarks/FeatureModels/pc_rltk8139.cnf,180,True,180.0101444721222,,,,10,0
/home/samplingfm/Benchmarks/FeatureModels/adder.cnf,180,True,180.0109405517578,,,,10,0
/home/samplingfm/Benchmarks/FeatureModels/cme555.cnf,180,True,180.01044058799744,,,,10,0
/home/samplingfm/Benchmarks/FeatureModels/refidt334.cnf,180,True,180.01026606559753,,,,10,0
/home/samplingfm/Benchmarks/FeatureModels/calm16_ceb.cnf,180,True,180.00940418243408,,,,10,0
/home/samplingfm/Benchmarks/FeatureModels/pid.cnf,180,True,180.00985765457153,,,,10,0
/home/samplingfm/Benchmarks/FeatureModels/FM-3.6.1-refined.cnf,180,False,26.67467975616455,25.21117639541626,2.521117639541626,26256,10,10
/home/samplingfm/Benchmarks/FeatureModels/asb.cnf,180,True,180.0102460384369,,,,10,0
/home/samplingfm/Benchmarks/FeatureModels/iq80310.cnf,180,True,180.0107889175415,,,,10,0
/home/samplingfm/Benchmarks/FeatureModels/fads.cnf,180,True,180.01105260849,,,,10,0
/home/samplingfm/Benchmarks/FeatureModels/adderII.cnf,180,True,180.01071166992188,,,,10,0
/home/samplingfm/Benchmarks/FeatureModels/cerf.cnf,180,True,180.00978636741638,,,,10,0
/home/samplingfm/Benchmarks/FeatureModels/assabet.cnf,180,True,180.01023054122925,,,,10,0
/home/samplingfm/Benchmarks/FeatureModels/iq80321.cnf,180,True,180.01049900054932,,,,10,0
/home/samplingfm/Benchmarks/FeatureModels/tx39_sim.cnf,180,True,180.0114974975586,,,,10,0
/home/samplingfm/Benchmarks/FeatureModels/sa1100mm.cnf,180,True,180.0102870464325,,,,10,0
/home/samplingfm/Benchmarks/FeatureModels/npwr.cnf,180,True,180.01037669181824,,,,10,0
/home/samplingfm/Benchmarks/FeatureModels/brutus.cnf,180,True,180.0118043422699,,,,10,0
/home/samplingfm/Benchmarks/FeatureModels/cerfpda.cnf,180,True,180.00966000556946,,,,10,0
/home/samplingfm/Benchmarks/FeatureModels/ceb_v850.cnf,180,True,180.0101888179779,,,,10,0
/home/samplingfm/Benchmarks/FeatureModels/mpc50.cnf,180,True,180.01054120063782,,,,10,0
/home/samplingfm/Benchmarks/FeatureModels/at91sam7xek.cnf,180,True,180.00989198684692,,,,10,0
/home/samplingfm/Benchmarks/FeatureModels/edosk2674.cnf,180,True,180.01163530349731,,,,10,0
/home/samplingfm/Benchmarks/FeatureModels/pc_vmWare.cnf,180,True,180.01030468940735,,,,10,0
/home/samplingfm/Benchmarks/FeatureModels/csb281.cnf,180,True,180.00940370559692,,,,10,0
/home/samplingfm/Benchmarks/FeatureModels/uE250.cnf,180,True,180.01260662078857,,,,10,0
/home/samplingfm/Benchmarks/FeatureModels/moab.cnf,180,True,180.01093125343323,,,,10,0
/home/samplingfm/Benchmarks/FeatureModels/h8max.cnf,180,True,180.0102698802948,,,,10,0
/home/samplingfm/Benchmarks/FeatureModels/smdk2410.cnf,180,True,180.01029229164124,,,,10,0
/home/samplingfm/Benchmarks/FeatureModels/snds.cnf,180,True,180.011860370636,,,,10,0
/home/samplingfm/Benchmarks/FeatureModels/linux.cnf,180,True,180.00954914093018,,,,10,0
/home/samplingfm/Benchmarks/FeatureModels/hs7729pci.cnf,180,True,180.01150941848755,,,,10,0
/home/samplingfm/Benchmarks/FMEasy/coreboot.cnf,180,False,0.6242151260375977,,,,10,0
/home/samplingfm/Benchmarks/FMEasy/2.6.32-2var.cnf,180,False,2.4815673828125,,,,10,0
/home/samplingfm/Benchmarks/FMEasy/freebsd-icse11.cnf,180,True,180.01078462600708,,,,10,0
/home/samplingfm/Benchmarks/FMEasy/2.6.33.3-2var.cnf,180,False,2.379657745361328,,,,10,0
/home/samplingfm/Benchmarks/FMEasy/embtoolkit.cnf,180,True,180.01073169708252,,,,10,0
/home/samplingfm/Benchmarks/FMEasy/freetz.cnf,180,False,1.1256403923034668,,,,10,0
/home/samplingfm/Benchmarks/FMEasy/fiasco.cnf,180,False,165.05973887443542,162.97718834877014,16.297718834877013,358108536766464,10,10
/home/samplingfm/Benchmarks/FMEasy/buildroot.cnf,180,False,0.6239161491394043,,,,10,0
/home/samplingfm/Benchmarks/FMEasy/2.6.28.6-icse11.cnf,180,False,4.388141393661499,,,,10,0
/home/samplingfm/Benchmarks/FMEasy/uClinux.cnf,180,False,1.9298243522644043,0.027031421661376953,0.002703142166137695,16296287810675888690147565507275025288411747149327490005089123594835050398106693649467179008,10,10
/home/samplingfm/Benchmarks/FMEasy/busybox-1.18.0.cnf,180,True,180.0105094909668,,,,10,0
/home/samplingfm/Benchmarks/FMEasy/axTLS.cnf,180,True,180.01125741004944,,,,10,0
/home/samplingfm/Benchmarks/FMEasy/ecos-icse11.cnf,180,True,180.00996446609497,,,,10,0
/home/samplingfm/Benchmarks/FMEasy/uClinux-config.cnf,180,True,180.01097536087036,,,,10,0
/home/samplingfm/Benchmarks/FMEasy/toybox2.cnf,180,False,155.6543607711792,153.87443852424622,15.38744385242462,144991790900969472,10,10
/home/samplingfm/Benchmarks/FMEasy/toybox.cnf,180,False,155.83665418624878,154.12113332748413,15.412113332748413,144991790900969472,10,10
